{
  "timestamp": "2025-12-02T12:24:06.238684",
  "model": "NCF",
  "k_values": [
    1,
    3,
    5,
    10
  ],
  "metrics": {
    "HIT@1": 0.06,
    "MRR@1": 0.06,
    "NDCG@1": 0.06,
    "Recall@1": 0.04333333333333333,
    "HIT@3": 0.12,
    "MRR@3": 0.08833333333333332,
    "NDCG@3": 0.07823302055097402,
    "Recall@3": 0.09,
    "HIT@5": 0.18,
    "MRR@5": 0.10133333333333333,
    "NDCG@5": 0.103464794282897,
    "Recall@5": 0.15,
    "HIT@10": 0.25,
    "MRR@10": 0.11112301587301587,
    "NDCG@10": 0.1271898860564742,
    "Recall@10": 0.21833333333333335
  },
  "metadata": {
    "num_users": 654,
    "num_items": 1037,
    "test_samples": 100,
    "evaluation_type": "same_users_holdout_items"
  }
}