{
  "train_loss": [
    0.6763851841290792,
    0.5976785073677698,
    0.48036691794792813,
    0.4471471731861432,
    0.4298267538348834,
    0.4206638311346372,
    0.41447808345158893,
    0.40681199729442596,
    0.40020738293727237,
    0.3932844201723735
  ],
  "epoch": [
    1,
    2,
    3,
    4,
    5,
    6,
    7,
    8,
    9,
    10
  ]
}